"group","network","status","access_method","auth","formats","countries","regional_variance","docs_url","notes"
"Marketplace","Amazon Creators API","Active","REST product catalog search/details","OAuth bearer plus marketplace-specific Associates tag","JSON","AU BE BR CA EG FR DE IN IE IT JP MX NL PL SG SA ES SE TR AE UK US","Shared API and credentials may be global but Associates enrollment and partner tag must match each marketplace; regional token endpoints and locale parameters/categories differ","https://affiliate-program.amazon.com/creatorsapi/docs/","Creators API is current documented path; access requires Associates enrollment and qualifying sales; prices/offers cache 1h and other resources 1d per API guide; terms separately cap some content cache at 24h so follow license terms; no direct price comparison linking except applicable Amazon product pages"
"Marketplace","eBay Browse API plus eBay Partner Network","Active","REST item search/details with affiliate deeplink","OAuth application token; ePN campaign ID in X-EBAY-C-ENDUSERCTX","JSON","Multiple eBay marketplaces; exact current support list requires marketplace support table","One API with marketplace_id context; affiliate campaign enrollment and marketplace coverage may differ","https://developer.ebay.com/api-docs/buy/api-browse.html","Affiliate URL field requires ePN campaign ID; official docs describe search and item availability but approval/rate limits and permitted caching should be checked in eBay Buy API requirements before implementation"
"Marketplace","Shopello","Unverified","No current official publisher API evidence located","Unverified","Unverified","Unverified","Unverified","https://shopello.com/","Retail brand presence does not establish API access; no current official developer or publisher documentation verified"
"Marketplace","Shopping.com","Unverified","No current official publisher API evidence located","Unverified","Unverified","Unverified","Unverified","https://www.shopping.com/","No current official docs verified; legacy feed references are not proof of an available service"
"Marketplace","Shopzilla","Unverified","No current official publisher API evidence located","Unverified","Unverified","Unverified","Unverified","https://www.shopzilla.com/","No current official developer/publisher docs verified; do not treat historical brand/feed specs as an API"
"Marketplace","Kelkoo Group Publisher APIs","Active","Publisher Shopping API and Reporting API via HTTPS; feed/download capabilities account-dependent","Publisher Center credentials and JWT for documented API operations","JSON API; feeds available via endpoint (format must be confirmed per feed)","Country/program coverage not fully public in docs reviewed","Publisher credentials and campaign/country setup managed in Publisher Center; do not assume one universal regional profile","https://docs.kelkoogroup.com/for-publishers/quick-starts/how-to-build-a-shopping-api-or-reporting-api-request","Official docs expose request builders and auth; publisher enrollment/account needed; exact rate limits caching commissions and country matrix unverified in public docs reviewed"
"Marketplace","Nextag","Unverified","No current official publisher API evidence located","Unverified","Unverified","Unverified","Unverified","https://www.nextag.com/","No current official developer/publisher docs verified; legacy references do not establish current availability"
"Marketplace","SHOP.COM Affiliate Publisher Network","Active","REST product search/details and preformatted affiliate links","Publisher ID; TEST value available for non-affiliate use","JSON response documented; other formats unverified","Unverified exact country programs","Publisher ID and affiliate revenue share; locale and program variations not detailed in public docs reviewed","https://developers.shop.com/externalapis/","Official developer center says REST services search products by category/brand/vendor/price and include affiliate IDs; signup for affiliate publisher ID for commission"
"Travel","Hotels.com (direct brand interface)","Unverified","No direct Hotels.com publisher API verified; assess Expedia Group Rapid as group-level alternative","Unverified","Unverified","Unverified","Unverified","https://developers.expediagroup.com/rapid/lodging","The official Expedia Rapid Lodging API is a partner integration; no evidence found that a Hotels.com-branded consumer API exists"
"Travel","Expedia Group Rapid","Active partner API","Partner lodging API; property catalog, geography, shopping, booking and package rate capabilities cited in partner materials","Partner approval/contract; API credentials","JSON (API)","Global inventory claim not a country-program list","Requirements vary by B2B/B2C audience, rate type and launch approval; property catalog refresh daily; required display/tax disclosures","https://developers.expediagroup.com/rapid/lodging","Active official developer hub; partner access and launch requirements apply; package rates mentioned in official materials but a standalone holidays package-search product/API and public affiliate commission terms were not verified."
"Travel","Booking.com Demand API","Active partner API","REST HTTPS POST live search/availability and redirect or booking flows","Managed Affiliate Partner contract; API bearer key plus X-Affiliate-Id","JSON","International inventory; supported market list not enumerated in reviewed source","Booker country and platform affect eligible offers/pricing; partner account/affiliate IDs; service/version access varies","https://developers.booking.com/demand/docs/open-api/3.2/demand-api","Hotels accommodation plus cars and attractions are documented; flights claim in API overview but no flight workflow verified here; real date/guest/location searches; redirect URLs and terms/display price rules apply; API access gated"
"Travel","Skyscanner Travel APIs","Active partner API","Live search create/poll for flights hotels and car hire; affiliate deep-link API","Partner application review then API key in x-api-key header","JSON","Market/locale/currency required per request; supported values via Culture API","Market can affect suppliers/prices; locale and currency are display localization; access and conversion expectations governed by partner requirements","https://developers.skyscanner.net/docs/intro","Live query requires vertical search criteria; sessions expire (flights about 1h; hotel sessions no longer than 15m); mandatory Powered by Skyscanner attribution; partner referral commission tracked on deep links; indicative values may be cached up to 4 days"
"Travel","Amadeus for Developers","Active Self-Service APIs","REST flight offers search and hotel search/booking endpoints","API key and secret OAuth bearer; test and production access","JSON","Global/travel locations but market/program coverage not fully enumerated","Test vs production credentials and API/product quotas; no public affiliate revenue share verified","https://developers.amadeus.com/self-service/apis-docs/guides/developer-guides/resources/","Official docs describe Flight Offers Search and hotel search/booking; verify current inventory, commercial terms and production eligibility before implementation; not evidence of Hotels.com or package API."
"Travel","Booking.com Attractions","Active beta partner API","Included in Demand API vertical collections","Managed Affiliate Partner key and affiliate ID","JSON","Unverified market/country coverage","Explicitly beta and access varies by service/version/partner","https://developers.booking.com/demand/docs/getting-started/overview","Real travel activity/attraction candidate with official content/search/details and reporting collection; beta access documented"
"Travel","Airport parking providers","Unverified","No named provider API verified in this research batch","Unverified","Unverified","Unverified","Unverified","https://developers.skyscanner.net/docs/intro","Proposal only: add only after selecting a provider and verifying official partner/API documentation"
"Travel","Cruise providers","Unverified","No named provider API verified in this research batch","Unverified","Unverified","Unverified","Unverified","https://developers.booking.com/demand/docs/getting-started/overview","Proposal only: candidate vertical"
