"row_type","network","country_or_market","profile_fields","source_url","notes"
"confirmed_country_program","Amazon Creators API","AU","marketplace www.amazon.com.au; region FE; local Associates tag; locale/currency/category settings","https://affiliate-program.amazon.com/creatorsapi/docs/en-us/concepts/common-request-headers-and-parameters","Each locale requires matching Associates enrollment and tag"
"confirmed_country_program","Amazon Creators API","BE","marketplace www.amazon.com.be; region EU; local Associates tag; locale/currency/category settings","https://affiliate-program.amazon.com/creatorsapi/docs/en-us/concepts/common-request-headers-and-parameters","Each locale requires matching Associates enrollment and tag"
"confirmed_country_program","Amazon Creators API","BR","marketplace www.amazon.com.br; region NA; local Associates tag; locale/currency/category settings","https://affiliate-program.amazon.com/creatorsapi/docs/en-us/concepts/common-request-headers-and-parameters","Each locale requires matching Associates enrollment and tag"
"confirmed_country_program","Amazon Creators API","CA","marketplace www.amazon.ca; region NA; local Associates tag; locale/currency/category settings","https://affiliate-program.amazon.com/creatorsapi/docs/en-us/concepts/common-request-headers-and-parameters","Each locale requires matching Associates enrollment and tag"
"confirmed_country_program","Amazon Creators API","EG","marketplace www.amazon.eg; region EU; local Associates tag; locale/currency/category settings","https://affiliate-program.amazon.com/creatorsapi/docs/en-us/concepts/common-request-headers-and-parameters","Locale is documented by current Creators API reference"
"confirmed_country_program","Amazon Creators API","FR","marketplace www.amazon.fr; region EU; local Associates tag; locale/currency/category settings","https://affiliate-program.amazon.com/creatorsapi/docs/en-us/concepts/common-request-headers-and-parameters","Each locale requires matching Associates enrollment and tag"
"confirmed_country_program","Amazon Creators API","DE","marketplace www.amazon.de; region EU; local Associates tag; locale/currency/category settings","https://affiliate-program.amazon.com/creatorsapi/docs/en-us/concepts/common-request-headers-and-parameters","Each locale requires matching Associates enrollment and tag"
"confirmed_country_program","Amazon Creators API","IN","marketplace www.amazon.in; region EU; local Associates tag; locale/currency/category settings","https://affiliate-program.amazon.com/creatorsapi/docs/en-us/concepts/common-request-headers-and-parameters","Each locale requires matching Associates enrollment and tag"
"confirmed_country_program","Amazon Creators API","IE","marketplace www.amazon.ie; region EU; local Associates tag; locale/currency/category settings","https://affiliate-program.amazon.com/creatorsapi/docs/en-us/concepts/common-request-headers-and-parameters","Each locale requires matching Associates enrollment and tag"
"confirmed_country_program","Amazon Creators API","IT","marketplace www.amazon.it; region EU; local Associates tag; locale/currency/category settings","https://affiliate-program.amazon.com/creatorsapi/docs/en-us/concepts/common-request-headers-and-parameters","Each locale requires matching Associates enrollment and tag"
"confirmed_country_program","Amazon Creators API","JP","marketplace www.amazon.co.jp; region FE; local Associates tag; locale/currency/category settings","https://affiliate-program.amazon.com/creatorsapi/docs/en-us/concepts/common-request-headers-and-parameters","Each locale requires matching Associates enrollment and tag"
"confirmed_country_program","Amazon Creators API","MX","marketplace www.amazon.com.mx; region NA; local Associates tag; locale/currency/category settings","https://affiliate-program.amazon.com/creatorsapi/docs/en-us/concepts/common-request-headers-and-parameters","Each locale requires matching Associates enrollment and tag"
"confirmed_country_program","Amazon Creators API","NL","marketplace www.amazon.nl; region EU; local Associates tag; locale/currency/category settings","https://affiliate-program.amazon.com/creatorsapi/docs/en-us/concepts/common-request-headers-and-parameters","Each locale requires matching Associates enrollment and tag"
"confirmed_country_program","Amazon Creators API","PL","marketplace www.amazon.pl; region EU; local Associates tag; locale/currency/category settings","https://affiliate-program.amazon.com/creatorsapi/docs/en-us/concepts/common-request-headers-and-parameters","Each locale requires matching Associates enrollment and tag"
"confirmed_country_program","Amazon Creators API","SG","marketplace www.amazon.sg; region FE; local Associates tag; locale/currency/category settings","https://affiliate-program.amazon.com/creatorsapi/docs/en-us/concepts/common-request-headers-and-parameters","Each locale requires matching Associates enrollment and tag"
"confirmed_country_program","Amazon Creators API","SA","marketplace www.amazon.sa; region EU; local Associates tag; locale/currency/category settings","https://affiliate-program.amazon.com/creatorsapi/docs/en-us/concepts/common-request-headers-and-parameters","Each locale requires matching Associates enrollment and tag"
"confirmed_country_program","Amazon Creators API","ES","marketplace www.amazon.es; region EU; local Associates tag; locale/currency/category settings","https://affiliate-program.amazon.com/creatorsapi/docs/en-us/concepts/common-request-headers-and-parameters","Each locale requires matching Associates enrollment and tag"
"confirmed_country_program","Amazon Creators API","SE","marketplace www.amazon.se; region EU; local Associates tag; locale/currency/category settings","https://affiliate-program.amazon.com/creatorsapi/docs/en-us/concepts/common-request-headers-and-parameters","Each locale requires matching Associates enrollment and tag"
"confirmed_country_program","Amazon Creators API","TR","marketplace www.amazon.com.tr; region EU; local Associates tag; locale/currency/category settings","https://affiliate-program.amazon.com/creatorsapi/docs/en-us/concepts/common-request-headers-and-parameters","Each locale requires matching Associates enrollment and tag"
"confirmed_country_program","Amazon Creators API","AE","marketplace www.amazon.ae; region EU; local Associates tag; locale/currency/category settings","https://affiliate-program.amazon.com/creatorsapi/docs/en-us/concepts/common-request-headers-and-parameters","Each locale requires matching Associates enrollment and tag"
"confirmed_country_program","Amazon Creators API","UK","marketplace www.amazon.co.uk; region EU; local Associates tag; locale/currency/category settings","https://affiliate-program.amazon.com/creatorsapi/docs/en-us/concepts/common-request-headers-and-parameters","Each locale requires matching Associates enrollment and tag"
"confirmed_country_program","Amazon Creators API","US","marketplace www.amazon.com; region NA; local Associates tag; locale/currency/category settings","https://affiliate-program.amazon.com/creatorsapi/docs/en-us/concepts/common-request-headers-and-parameters","Each locale requires matching Associates enrollment and tag"
"auth_endpoint_profile_not_country","Amazon Creators API","Token endpoint profile","NA api.amazon.com; EU api.amazon.co.uk; FE api.amazon.co.jp","https://affiliate-program.amazon.com/creatorsapi/docs/en-us/get-started/using-curl","Same API endpoint globally; token endpoint region chosen for auth; global credentials but marketplace enrollment/tag distinct"
"dynamic_profile_country_matrix_unverified","Skyscanner Travel APIs","Market profile (dynamic)","market + locale + currency required; exact current market values come from Culture API","https://developers.skyscanner.net/docs/culture/overview","Market may alter supplier and price results; locale/currency localize display"
"dynamic_profile_country_matrix_unverified","Booking.com Demand API","Booker context (dynamic)","booker.country; currency; platform; dates/guests/location","https://developers.booking.com/demand/docs/accommodations/search-for-available-properties","Country context affects rate eligibility; this row intentionally does not claim a complete country list"
"dynamic_profile_country_matrix_unverified","Expedia Group Rapid","Partner launch profile (dynamic)","Audience B2B/B2C; property geography; rate type; contracted account profile","https://developers.expediagroup.com/rapid/setup/launch-requirements/lodging-launch-reqs","Country-by-country partner matrix not verified publicly"
"dynamic_profile_country_matrix_unverified","Amadeus for Developers","API environment profile (dynamic)","test vs production; market/origin/destination and product-specific access","https://developers.amadeus.com/self-service/apis-docs/guides/developer-guides/resources/","Specific country program and affiliate commission matrix not verified"
