"network","country","profile_fields","docs_url","evidence_status","notes"
"Amazon Creators API","AU","marketplace www.amazon.com.au; region FE; local Associates tag; locale/currency/category settings","https://affiliate-program.amazon.com/creatorsapi/docs/en-us/concepts/common-request-headers-and-parameters","documented marketplace; account eligibility not verified","Each locale requires matching Associates enrollment and tag"
"Amazon Creators API","BE","marketplace www.amazon.com.be; region EU; local Associates tag; locale/currency/category settings","https://affiliate-program.amazon.com/creatorsapi/docs/en-us/concepts/common-request-headers-and-parameters","documented marketplace; account eligibility not verified","Each locale requires matching Associates enrollment and tag"
"Amazon Creators API","BR","marketplace www.amazon.com.br; region NA; local Associates tag; locale/currency/category settings","https://affiliate-program.amazon.com/creatorsapi/docs/en-us/concepts/common-request-headers-and-parameters","documented marketplace; account eligibility not verified","Each locale requires matching Associates enrollment and tag"
"Amazon Creators API","CA","marketplace www.amazon.ca; region NA; local Associates tag; locale/currency/category settings","https://affiliate-program.amazon.com/creatorsapi/docs/en-us/concepts/common-request-headers-and-parameters","documented marketplace; account eligibility not verified","Each locale requires matching Associates enrollment and tag"
"Amazon Creators API","EG","marketplace www.amazon.eg; region EU; local Associates tag; locale/currency/category settings","https://affiliate-program.amazon.com/creatorsapi/docs/en-us/concepts/common-request-headers-and-parameters","documented marketplace; account eligibility not verified","Locale is documented by current Creators API reference"
"Amazon Creators API","FR","marketplace www.amazon.fr; region EU; local Associates tag; locale/currency/category settings","https://affiliate-program.amazon.com/creatorsapi/docs/en-us/concepts/common-request-headers-and-parameters","documented marketplace; account eligibility not verified","Each locale requires matching Associates enrollment and tag"
"Amazon Creators API","DE","marketplace www.amazon.de; region EU; local Associates tag; locale/currency/category settings","https://affiliate-program.amazon.com/creatorsapi/docs/en-us/concepts/common-request-headers-and-parameters","documented marketplace; account eligibility not verified","Each locale requires matching Associates enrollment and tag"
"Amazon Creators API","IN","marketplace www.amazon.in; region EU; local Associates tag; locale/currency/category settings","https://affiliate-program.amazon.com/creatorsapi/docs/en-us/concepts/common-request-headers-and-parameters","documented marketplace; account eligibility not verified","Each locale requires matching Associates enrollment and tag"
"Amazon Creators API","IE","marketplace www.amazon.ie; region EU; local Associates tag; locale/currency/category settings","https://affiliate-program.amazon.com/creatorsapi/docs/en-us/concepts/common-request-headers-and-parameters","documented marketplace; account eligibility not verified","Each locale requires matching Associates enrollment and tag"
"Amazon Creators API","IT","marketplace www.amazon.it; region EU; local Associates tag; locale/currency/category settings","https://affiliate-program.amazon.com/creatorsapi/docs/en-us/concepts/common-request-headers-and-parameters","documented marketplace; account eligibility not verified","Each locale requires matching Associates enrollment and tag"
"Amazon Creators API","JP","marketplace www.amazon.co.jp; region FE; local Associates tag; locale/currency/category settings","https://affiliate-program.amazon.com/creatorsapi/docs/en-us/concepts/common-request-headers-and-parameters","documented marketplace; account eligibility not verified","Each locale requires matching Associates enrollment and tag"
"Amazon Creators API","MX","marketplace www.amazon.com.mx; region NA; local Associates tag; locale/currency/category settings","https://affiliate-program.amazon.com/creatorsapi/docs/en-us/concepts/common-request-headers-and-parameters","documented marketplace; account eligibility not verified","Each locale requires matching Associates enrollment and tag"
"Amazon Creators API","NL","marketplace www.amazon.nl; region EU; local Associates tag; locale/currency/category settings","https://affiliate-program.amazon.com/creatorsapi/docs/en-us/concepts/common-request-headers-and-parameters","documented marketplace; account eligibility not verified","Each locale requires matching Associates enrollment and tag"
"Amazon Creators API","PL","marketplace www.amazon.pl; region EU; local Associates tag; locale/currency/category settings","https://affiliate-program.amazon.com/creatorsapi/docs/en-us/concepts/common-request-headers-and-parameters","documented marketplace; account eligibility not verified","Each locale requires matching Associates enrollment and tag"
"Amazon Creators API","SG","marketplace www.amazon.sg; region FE; local Associates tag; locale/currency/category settings","https://affiliate-program.amazon.com/creatorsapi/docs/en-us/concepts/common-request-headers-and-parameters","documented marketplace; account eligibility not verified","Each locale requires matching Associates enrollment and tag"
"Amazon Creators API","SA","marketplace www.amazon.sa; region EU; local Associates tag; locale/currency/category settings","https://affiliate-program.amazon.com/creatorsapi/docs/en-us/concepts/common-request-headers-and-parameters","documented marketplace; account eligibility not verified","Each locale requires matching Associates enrollment and tag"
"Amazon Creators API","ES","marketplace www.amazon.es; region EU; local Associates tag; locale/currency/category settings","https://affiliate-program.amazon.com/creatorsapi/docs/en-us/concepts/common-request-headers-and-parameters","documented marketplace; account eligibility not verified","Each locale requires matching Associates enrollment and tag"
"Amazon Creators API","SE","marketplace www.amazon.se; region EU; local Associates tag; locale/currency/category settings","https://affiliate-program.amazon.com/creatorsapi/docs/en-us/concepts/common-request-headers-and-parameters","documented marketplace; account eligibility not verified","Each locale requires matching Associates enrollment and tag"
"Amazon Creators API","TR","marketplace www.amazon.com.tr; region EU; local Associates tag; locale/currency/category settings","https://affiliate-program.amazon.com/creatorsapi/docs/en-us/concepts/common-request-headers-and-parameters","documented marketplace; account eligibility not verified","Each locale requires matching Associates enrollment and tag"
"Amazon Creators API","AE","marketplace www.amazon.ae; region EU; local Associates tag; locale/currency/category settings","https://affiliate-program.amazon.com/creatorsapi/docs/en-us/concepts/common-request-headers-and-parameters","documented marketplace; account eligibility not verified","Each locale requires matching Associates enrollment and tag"
"Amazon Creators API","GB","marketplace www.amazon.co.uk; region EU; local Associates tag; locale/currency/category settings","https://affiliate-program.amazon.com/creatorsapi/docs/en-us/concepts/common-request-headers-and-parameters","documented marketplace; account eligibility not verified","Each locale requires matching Associates enrollment and tag"
"Amazon Creators API","US","marketplace www.amazon.com; region NA; local Associates tag; locale/currency/category settings","https://affiliate-program.amazon.com/creatorsapi/docs/en-us/concepts/common-request-headers-and-parameters","documented marketplace; account eligibility not verified","Each locale requires matching Associates enrollment and tag"
