ID,Area,Priority,Requirement,Acceptance criteria,Source section,Confidence / traceability
REQ-001,platform,Must (provisional),Build an installable PHP/MySQL price-comparison application,A clean installation can be completed from documented steps; application runs against the documented PHP and MySQL versions.,3 Master prompt: Outcome; Defaults,Pack-level outcome; original SPEC unavailable
REQ-002,platform,Must (provisional),Use the stated application stack and server-rendered approach,"Project uses PHP 8.3, MySQL 8, Composer, PSR-4 and PHP templates without a SPA; responsive markup is table-less.",3 Master prompt: Defaults,Owner prompt default; provisional pending SPEC
REQ-003,platform,Must (provisional),Provide five application areas from one codebase,"Front end, admin, merchant, affiliate and member areas are present as separable areas in one application.",3 Master prompt: Defaults; Known spec problems,Owner correction resolves four-versus-five inconsistency
REQ-004,admin,Must (provisional),Provide administrator authentication and multiple administrator accounts,Administrators can authenticate; multiple admin accounts can exist; passwords are securely hashed; sessions resist fixation; reset flow is available.,3 Master prompt: Phase 2; secure_builder,Pack build scope; acceptance details are derived
REQ-005,admin,Must (provisional),Enforce role-based authorization and protect login attempts,Protected routes check role permissions; login attempts are rate-limited and IP request throttling includes captcha as described.,3 Master prompt: Phase 2; secure_builder,Pack build scope; acceptance details are derived
REQ-006,platform,Must (provisional),Provide an internationalization layer and language-file editor,User-facing strings use language resources and an administrator can edit language files through the language editor.,3 Master prompt: Phase 2,Pack build scope; provisional
REQ-007,platform,Must (provisional),"Support currencies,  countries,  per-country tax rates and feature flags","Country records can be enabled or disabled, have tax rates, and currency/settings/feature flags can be configured.",3 Master prompt: Phase 2; Defaults,Pack build scope; tax behavior details unclear
REQ-008,admin,Must (provisional),Provide application settings and feature-flag controls,Settings and feature flags are persisted and configurable; merchant area and front-end reports can be enabled or disabled.,3 Master prompt: Defaults; Phase 2,Merchant and reports flags are explicit; control surface provisional
REQ-009,merchant,Must (provisional),Allow merchant area to be feature-flagged,When disabled the merchant area is unavailable; when enabled merchant routes enforce authorization.,3 Master prompt: Defaults; Phase 2; Wave B,Explicit owner default
REQ-010,frontend,Must (provisional),Allow front-end reports to be feature-flagged,When disabled front-end reports are unavailable; when enabled authorized reports render.,3 Master prompt: Defaults; Phase 2,Explicit owner default
REQ-011,admin,Must (provisional),Manage catalog entities and product data,"Authorized users can manage categories, products, brands, merchants, prices and keywords.",3 Master prompt: Wave A catalog,Pack build scope; provisional
REQ-012,admin,Should (provisional),Support bulk catalog editing and category click-rate rules,Users can bulk-move and multi-edit catalog records; category click rates cascade according to configured rules; hover images can be shown.,3 Master prompt: Wave A catalog,Priority provisional; behavior needs original SPEC
REQ-013,feeds,Must (provisional),"Import product feeds in CSV,  TSV and XML","Feed importer accepts CSV, TSV and XML and records row-level import outcomes.",3 Master prompt: Wave A feed engine; secure_builder,Pack scope; exact feed dialects unknown
REQ-014,feeds,Must (provisional),Map feed fields and categories using aliases and keywords,A user can map fields and aliases; category mapping supports keywords and ignore keywords and can be reviewed/configured.,3 Master prompt: Wave A feed engine; Known spec problems,Duplicate category-mapping bullets to be consolidated
REQ-015,feeds,Must (provisional),Support automated feed import and export,Feeds can be imported from a configured folder on an automated schedule and product data can be exported.,3 Master prompt: Wave A feed engine,Pack build scope; schedule/details provisional
REQ-016,feeds,Must (provisional),Make feed imports safe and repeatable,"Imports stream with bounded memory, can run as dry-run, are idempotent on re-import, and log per-row errors.",2 secure_builder; 3 Wave A,Pack acceptance rule
REQ-017,seo,Should (provisional),Provide configurable SEO URLs and metadata,Keyword URLs and content-page URLs are configurable; pages support title/meta fields and an XML sitemap.,3 Master prompt: Wave A SEO,Priority provisional; original SPEC unavailable
REQ-018,seo,Should (provisional),Support nofollow rules for outbound links,Configured rel=nofollow rules are reflected in matching rendered outbound links.,3 Master prompt: Wave A SEO,Priority provisional
REQ-019,payments,Must (provisional),"Support click charges,  subscriptions,  commissions and packages through hosted payment flows",PaymentGateway boundary supports the listed money flows; checkout redirects or uses hosted flows; no card data is stored by the application.,2 architect; 2 secure_builder; 3 Wave B; Known spec problems,Explicit security rule; gateway names unknown
REQ-020,payments,Must (provisional),Record monetary values with explicit currency and safe commission math,Amounts use integer minor units and explicit currency; rounding edge cases are covered by tests.,2 secure_builder,Pack acceptance rule
REQ-021,payments,Must (provisional),Verify payment notifications,Incoming webhooks/IPNs are authenticated by signature before changing payment state.,2 secure_builder,Pack acceptance rule; provider-specific requirements unknown
REQ-022,merchant,Must (provisional),Provide a merchant management panel,Merchants can access their panel subject to role checks; the panel supports functions supported by the original specification once recovered.,3 Master prompt: Wave B,Panel scope is incomplete without SPEC
REQ-023,affiliate,Must (provisional),Provide affiliate account functions and commission approval,Affiliate area is role-protected and supports commission approval workflow; affiliate password changes and newsletter unsubscribe are deduplicated if confirmed in source.,3 Master prompt: Wave B; test_writer; Known spec problems,Workflow named in pack tests; specific screens unavailable
REQ-024,crawler,Should (provisional),Provide crawler controls and scheduling,"Authorized users can configure and schedule crawler work; crawler respects robots.txt, throttles requests and identifies itself.",3 Master prompt: Wave B,Priority provisional; crawler targets unspecified
REQ-025,frontend,Must (provisional),Provide core retail discovery and product comparison pages,"Front end includes home, catalog, search, single product comparison with prices/specifications/reviews/related products, and compare flow.",3 Master prompt: Wave C,Pack build scope; detailed layouts absent
REQ-026,frontend,Should (provisional),Provide retail engagement and shopping utilities,"Tag cloud, recent searches, shipping/tax calculation, wishlists, price alerts, email-a-friend and social sharing are supported.",3 Master prompt: Wave C,Priority provisional; alert consent rules remain to define
REQ-027,member,Should (provisional),"Provide member accounts,  Facebook login,  newsletter and news","Member area supports account functions, Facebook OAuth login, newsletter and news; consent and unsubscribe handling apply where email features are used.",3 Master prompt: Wave C; Known spec problems,Priority provisional; member functions incomplete without SPEC
REQ-028,admin,Should (provisional),Provide reports and graphs,Reports and graphs are available in the configured reporting area and obey the front-end reports feature flag.,3 Master prompt: Wave C; Defaults,Priority provisional; report metrics unspecified
REQ-029,plugins,Should (provisional),Provide a tag creator and shopping-cart export plugins,Users can create tags and export data through each cart plugin named in the recovered SPEC.,3 Master prompt: Wave D; Known spec problems,Names intentionally unresolved pending SPEC
REQ-030,feeds,Must (provisional),Support catalog-source connectors across the clarified source groups,"Connector inventory covers affiliate networks, direct marketplace/retailer/comparison APIs and travel providers; verified count is reported without padding to 50.",0b Connector scope; 3 Phase 0; Known spec problems,Provider inventory and access need research
REQ-031,feeds,Must (provisional),Use one connector per source with country-region configuration,A connector works across supported country programs using region profiles; differences are data/configuration unless verified regional behavior needs an adapter.,0b Connector scope; Owner clarifications; 3 architect,Explicit owner clarification
REQ-032,frontend,Must (provisional),Support live searches for travel offers,"Travel searches accept relevant dates, travellers and locations; results are searched live and cached only for provider-permitted short periods.",0b Connector scope; 2 architect; 3 Known spec problems,Explicit architecture clarification; cache TTL unresolved
REQ-033,frontend,Must (provisional),Support travel offer display and tracked click-through,"Travel offer pages cover confirmed verticals and record tracked click-through while observing provider access, display, attribution and caching rules.",0b Connector scope; 2 architect; 3 Wave D,Other verticals and providers await confirmation/research
REQ-034,platform,Must (provisional),"Track clicks,  merchant charges,  affiliate commissions and price alerts","Critical journeys from feed to displayed price, click to merchant charge, commission approval and alert trigger are verifiable end-to-end.",2 test_writer; 3 test_writer,Pack test scope; billing semantics need SPEC
REQ-035,platform,Must (provisional),Protect data and user-submitted content across application areas,State-changing requests use CSRF protection; database access uses prepared statements; rendered output is escaped; role boundaries prevent cross-panel access.,2 module_builder; 2 test_writer; 3 reviewer,Pack security rules
REQ-036,platform,Should (provisional),"Provide installation,  user and operations documentation","Documentation covers install, admin, merchant, affiliate, connectors, cron and languages and its installation commands are verified.",2 docs_writer; 3 Phase 5,Pack handoff requirement
REQ-037,platform,Must (provisional),"Verify requirement traceability,  tests,  installability and security before completion","Auditor traces each requirement to code/tests or a reasoned deferral; tests pass, clean install succeeds and no High security findings remain.",3 Outcome; Phase 4; Phase 5,Pack definition of done
